CODE GEO;com_start;x_start;y_start;DCLT;com_end;x_end;y_end;Flux
33001;Abzac;-0.129;45.011;33063;Bordeaux;-0.573;44.858;60.983767915692
33002;Aillas;-0.067;44.483;33063;Bordeaux;-0.573;44.858;15.3355210132879
33003;Ambarès-et-Lagrave;-0.501;44.944;33063;Bordeaux;-0.573;44.858;1774.00385443398
33004;Ambès;-0.55;45.012;33063;Bordeaux;-0.573;44.858;239.740600554782
33005;Andernos-les-Bains;-1.081;44.754;33063;Bordeaux;-0.573;44.858;351.515884797587
33006;Anglade;-0.638;45.211;33063;Bordeaux;-0.573;44.858;25.7397498674251
33007;Arbanats;-0.402;44.671;33063;Bordeaux;-0.573;44.858;88.825130911503
33008;Porte-de-Benauge;-0.236;44.682;33063;Bordeaux;-0.573;44.858;10.0724460253409
33009;Arcachon;-1.174;44.654;33063;Bordeaux;-0.573;44.858;160.239299916941
33010;Arcins;-0.713;45.076;33063;Bordeaux;-0.573;44.858;62.7463503649637
33011;Arès;-1.079;44.795;33063;Bordeaux;-0.573;44.858;179.075738125802
33012;Arsac;-0.701;44.989;33063;Bordeaux;-0.573;44.858;401.921798195726
33013;Artigues-près-Bordeaux;-0.49;44.86;33063;Bordeaux;-0.573;44.858;992.233075649066
33014;Les Artigues-de-Lussac;-0.14;44.973;33063;Bordeaux;-0.573;44.858;5.09862076086395
33015;Arveyres;-0.277;44.892;33063;Bordeaux;-0.573;44.858;143.490634813868
33016;Asques;-0.426;44.948;33063;Bordeaux;-0.573;44.858;30.0173070991164
33017;Aubiac;-0.244;44.47;33063;Bordeaux;-0.573;44.858;5.08714464042324
33018;Val de Virvée;-0.385;45.02;33063;Bordeaux;-0.573;44.858;322.993608039815
33019;Audenge;-0.944;44.714;33063;Bordeaux;-0.573;44.858;375
33021;Auros;-0.164;44.508;33063;Bordeaux;-0.573;44.858;25.7424459753571
33022;Avensan;-0.761;45.006;33063;Bordeaux;-0.573;44.858;201.335422018813
33023;Ayguemorte-les-Graves;-0.484;44.703;33063;Bordeaux;-0.573;44.858;125
33024;Bagas;-0.049;44.619;33063;Bordeaux;-0.573;44.858;5.19582729998146
33025;Baigneaux;-0.194;44.724;33063;Bordeaux;-0.573;44.858;15.7943798179224
33026;Balizac;-0.448;44.486;33063;Bordeaux;-0.573;44.858;15.4951217550902
33027;Barie;-0.112;44.571;33063;Bordeaux;-0.573;44.858;15
33028;Baron;-0.318;44.824;33063;Bordeaux;-0.573;44.858;116.65105085179
33029;Le Barp;-0.747;44.627;33063;Bordeaux;-0.573;44.858;290
33030;Barsac;-0.324;44.602;33063;Bordeaux;-0.573;44.858;85.325546994353
33032;Bassens;-0.526;44.908;33063;Bordeaux;-0.573;44.858;969.280348743908
33033;Baurech;-0.434;44.727;33063;Bordeaux;-0.573;44.858;133.362535105624
33034;Bayas;-0.209;45.068;33063;Bordeaux;-0.573;44.858;15.0042135974907
33035;Bayon-sur-Gironde;-0.608;45.043;33063;Bordeaux;-0.573;44.858;40
33036;Bazas;-0.213;44.442;33063;Bordeaux;-0.573;44.858;95.0036106570858
33037;Beautiran;-0.46;44.703;33063;Bordeaux;-0.573;44.858;200.171411879826
33039;Bègles;-0.548;44.802;33063;Bordeaux;-0.573;44.858;4557.51453621714
33040;Béguey;-0.326;44.649;33063;Bordeaux;-0.573;44.858;65.4073462528597
33042;Belin-Béliet;-0.786;44.486;33063;Bordeaux;-0.573;44.858;231.050649049606
33043;Bellebat;-0.223;44.739;33063;Bordeaux;-0.573;44.858;15.4731214638654
33044;Bellefond;-0.173;44.767;33063;Bordeaux;-0.573;44.858;20
33045;Belvès-de-Castillon;-0.027;44.879;33063;Bordeaux;-0.573;44.858;5.41752955131275
33046;Bernos-Beaulac;-0.26;44.363;33063;Bordeaux;-0.573;44.858;24.7797356828191
33047;Berson;-0.574;45.117;33063;Bordeaux;-0.573;44.858;45.3895526474395
33049;Beychac-et-Caillau;-0.372;44.872;33063;Bordeaux;-0.573;44.858;234.669669864922
33050;Bieujac;-0.153;44.539;33063;Bordeaux;-0.573;44.858;40
33051;Biganos;-0.951;44.661;33063;Bordeaux;-0.573;44.858;472.311240885396
33052;Les Billaux;-0.244;44.962;33063;Bordeaux;-0.573;44.858;80
33053;Birac;-0.144;44.412;33063;Bordeaux;-0.573;44.858;4.95670995670996
33054;Blaignac;-0.054;44.551;33063;Bordeaux;-0.573;44.858;4.92959839454996
33056;Blanquefort;-0.613;44.923;33063;Bordeaux;-0.573;44.858;1674.36379766916
33057;Blasimon;-0.089;44.75;33063;Bordeaux;-0.573;44.858;9.71902787814629
33058;Blaye;-0.662;45.132;33063;Bordeaux;-0.573;44.858;55.482098853791
33059;Blésignac;-0.255;44.777;33063;Bordeaux;-0.573;44.858;15.2066218828385
33060;Bommes;-0.345;44.553;33063;Bordeaux;-0.573;44.858;23.0386355940568
33061;Bonnetan;-0.411;44.819;33063;Bordeaux;-0.573;44.858;107.715133531157
33062;Bonzac;-0.221;45.007;33063;Bordeaux;-0.573;44.858;25
33063;Bordeaux;-0.573;44.858;33063;Bordeaux;-0.573;44.858;74214.9603950887
33065;Bouliac;-0.504;44.817;33063;Bordeaux;-0.573;44.858;405.988124936525
33066;Bourdelles;0.005;44.559;33063;Bordeaux;-0.573;44.858;9.57446808510638
33067;Bourg;-0.547;45.04;33063;Bordeaux;-0.573;44.858;91.6017490486306
33068;Bourideys;-0.472;44.358;33063;Bordeaux;-0.573;44.858;10
33069;Le Bouscat;-0.603;44.866;33063;Bordeaux;-0.573;44.858;4214.13229801153
33070;Brach;-0.948;45.041;33063;Bordeaux;-0.573;44.858;75.1174866026461
33071;Branne;-0.18;44.828;33063;Bordeaux;-0.573;44.858;49.5953535135463
33072;Brannens;-0.153;44.522;33063;Bordeaux;-0.573;44.858;9.95867768595041
33073;Braud-et-Saint-Louis;-0.647;45.255;33063;Bordeaux;-0.573;44.858;10.2513966480448
33074;Brouqueyran;-0.178;44.488;33063;Bordeaux;-0.573;44.858;4.90291262135922
33075;Bruges;-0.6;44.889;33063;Bordeaux;-0.573;44.858;3641.6552659589
33076;Budos;-0.4;44.535;33063;Bordeaux;-0.573;44.858;55
33077;Cabanac-et-Villagrains;-0.55;44.592;33063;Bordeaux;-0.573;44.858;162.12716716544
33078;Cabara;-0.161;44.831;33063;Bordeaux;-0.573;44.858;24.7589193711906
33079;Cadarsac;-0.284;44.862;33063;Bordeaux;-0.573;44.858;5.01408450704225
33080;Cadaujac;-0.529;44.747;33063;Bordeaux;-0.573;44.858;587.841724060951
33081;Cadillac;-0.306;44.641;33063;Bordeaux;-0.573;44.858;71.4111258382604
33082;Cadillac-en-Fronsadais;-0.373;44.963;33063;Bordeaux;-0.573;44.858;122.724767458165
33083;Camarsac;-0.369;44.826;33063;Bordeaux;-0.573;44.858;111.235601586966
33084;Cambes;-0.463;44.741;33063;Bordeaux;-0.573;44.858;188.834063091897
33085;Camblanes-et-Meynac;-0.476;44.767;33063;Bordeaux;-0.573;44.858;362.603938573446
33086;Camiac-et-Saint-Denis;-0.292;44.796;33063;Bordeaux;-0.573;44.858;19.7735862246683
33088;Camps-sur-l'Isle;-0.036;45.016;33063;Bordeaux;-0.573;44.858;20
33089;Campugnan;-0.561;45.183;33063;Bordeaux;-0.573;44.858;14.9685116233092
33090;Canéjan;-0.657;44.76;33063;Bordeaux;-0.573;44.858;423.427490181247
33093;Capian;-0.328;44.717;33063;Bordeaux;-0.573;44.858;11.0678047313486
33095;Captieux;-0.284;44.254;33063;Bordeaux;-0.573;44.858;10.0423311848377
33096;Carbon-Blanc;-0.501;44.902;33063;Bordeaux;-0.573;44.858;1105
33097;Carcans;-1.049;45.085;33063;Bordeaux;-0.573;44.858;74.9380165289251
33098;Cardan;-0.322;44.682;33063;Bordeaux;-0.573;44.858;44.5622568093387
33099;Carignan-de-Bordeaux;-0.472;44.81;33063;Bordeaux;-0.573;44.858;502.3675673911
33100;Cars;-0.617;45.128;33063;Bordeaux;-0.573;44.858;20.0325603850667
33101;Cartelègue;-0.578;45.191;33063;Bordeaux;-0.573;44.858;24.9567780395441
33102;Casseuil;-0.119;44.588;33063;Bordeaux;-0.573;44.858;10.186170212766
33104;Castelnau-de-Médoc;-0.813;45.007;33063;Bordeaux;-0.573;44.858;294.017711654271
33105;Castelviel;-0.153;44.666;33063;Bordeaux;-0.573;44.858;10.3303357742621
33106;Castets et Castillon;-0.13;44.554;33063;Bordeaux;-0.573;44.858;40.2225428173551
33108;Castillon-la-Bataille;-0.028;44.863;33063;Bordeaux;-0.573;44.858;20.1351113910159
33109;Castres-Gironde;-0.455;44.686;33063;Bordeaux;-0.573;44.858;219.370214999917
33111;Caudrot;-0.144;44.585;33063;Bordeaux;-0.573;44.858;10
33113;Cauvignac;-0.071;44.417;33063;Bordeaux;-0.573;44.858;5.23809523809524
33114;Cavignac;-0.382;45.097;33063;Bordeaux;-0.573;44.858;189.387582309099
33115;Cazalis;-0.393;44.33;33063;Bordeaux;-0.573;44.858;5.13568522068527
33116;Cazats;-0.202;44.472;33063;Bordeaux;-0.573;44.858;10.225
33117;Cazaugitat;0.011;44.715;33063;Bordeaux;-0.573;44.858;10
33118;Cénac;-0.457;44.783;33063;Bordeaux;-0.573;44.858;200
33119;Cenon;-0.521;44.855;33063;Bordeaux;-0.573;44.858;3242.73747977225
33120;Cérons;-0.34;44.627;33063;Bordeaux;-0.573;44.858;138.114598178043
33121;Cessac;-0.185;44.742;33063;Bordeaux;-0.573;44.858;9.89583333333333
33122;Cestas;-0.727;44.724;33063;Bordeaux;-0.573;44.858;1112.65354740869
33123;Cézac;-0.431;45.085;33063;Bordeaux;-0.573;44.858;225
33124;Chamadelle;-0.09;45.098;33063;Bordeaux;-0.573;44.858;25.103591160221
33125;Cissac-Médoc;-0.848;45.221;33063;Bordeaux;-0.573;44.858;39.6019955536643
33126;Civrac-de-Blaye;-0.462;45.112;33063;Bordeaux;-0.573;44.858;24.912219750934
33127;Civrac-sur-Dordogne;-0.077;44.83;33063;Bordeaux;-0.573;44.858;9.95501429752677
33128;Civrac-en-Médoc;-0.916;45.344;33063;Bordeaux;-0.573;44.858;41.0591900311526
33129;Cleyrac;-0.039;44.719;33063;Bordeaux;-0.573;44.858;10.1307189542484
33130;Coimères;-0.212;44.5;33063;Bordeaux;-0.573;44.858;40
33131;Coirac;-0.173;44.686;33063;Bordeaux;-0.573;44.858;10
33132;Comps;-0.594;45.067;33063;Bordeaux;-0.573;44.858;5.08848548699571
33135;Courpiac;-0.185;44.755;33063;Bordeaux;-0.573;44.858;10.4918032786885
33137;Cours-les-Bains;-0.006;44.379;33063;Bordeaux;-0.573;44.858;9.95495495495495
33138;Coutras;-0.106;45.039;33063;Bordeaux;-0.573;44.858;254.556770801124
33140;Créon;-0.344;44.771;33063;Bordeaux;-0.573;44.858;492.843235931909
33141;Croignon;-0.343;44.821;33063;Bordeaux;-0.573;44.858;62.8181818181818
33142;Cubnezais;-0.419;45.073;33063;Bordeaux;-0.573;44.858;176.853997682503
33143;Cubzac-les-Ponts;-0.446;44.97;33063;Bordeaux;-0.573;44.858;264.450758239137
33144;Cudos;-0.189;44.378;33063;Bordeaux;-0.573;44.858;30
33145;Cursan;-0.335;44.796;33063;Bordeaux;-0.573;44.858;85
33146;Cussac-Fort-Médoc;-0.735;45.118;33063;Bordeaux;-0.573;44.858;157.481396766555
33147;Daignac;-0.237;44.797;33063;Bordeaux;-0.573;44.858;20.1980002940044
33148;Dardenac;-0.241;44.784;33063;Bordeaux;-0.573;44.858;9.77777777777778
33151;Donnezac;-0.444;45.234;33063;Bordeaux;-0.573;44.858;25.7353440792734
33154;Les aglisottes-et-Chalaures;-0.033;45.093;33063;Bordeaux;-0.573;44.858;60
33155;Escaudes;-0.208;44.313;33063;Bordeaux;-0.573;44.858;4.93700732259947
33156;Escoussans;-0.275;44.68;33063;Bordeaux;-0.573;44.858;14.9286113172594
33157;Espiet;-0.265;44.796;33063;Bordeaux;-0.573;44.858;30.602610448025
33159;atauliers;-0.582;45.221;33063;Bordeaux;-0.573;44.858;29.4514828759829
33161;Eyrans;-0.61;45.193;33063;Bordeaux;-0.573;44.858;10.0394218134034
33162;Eysines;-0.648;44.879;33063;Bordeaux;-0.573;44.858;2997.58759127824
33163;Faleyras;-0.228;44.764;33063;Bordeaux;-0.573;44.858;15.1835817238587
33164;Fargues;-0.295;44.535;33063;Bordeaux;-0.573;44.858;89.4632023434021
33165;Fargues-Saint-Hilaire;-0.44;44.819;33063;Bordeaux;-0.573;44.858;449.890609191065
33166;Le Fieu;-0.036;45.055;33063;Bordeaux;-0.573;44.858;19.678336658046
33167;Floirac;-0.521;44.834;33063;Bordeaux;-0.573;44.858;2671.36575701714
33168;Flaujagues;0.025;44.832;33063;Bordeaux;-0.573;44.858;9.9694803343434
33169;Floudès;-0.063;44.57;33063;Bordeaux;-0.573;44.858;5.05240618150527
33170;Fontet;-0.029;44.556;33063;Bordeaux;-0.573;44.858;40.3143948466998
33172;Fours;-0.633;45.174;33063;Bordeaux;-0.573;44.858;21.025641025641
33174;Fronsac;-0.279;44.922;33063;Bordeaux;-0.573;44.858;60
33175;Frontenac;-0.145;44.73;33063;Bordeaux;-0.573;44.858;35.306963463497
33176;Gabarnac;-0.263;44.617;33063;Bordeaux;-0.573;44.858;14.8314606741573
33177;Gaillan-en-Médoc;-0.987;45.313;33063;Bordeaux;-0.573;44.858;34.8689970150597
33179;Galgon;-0.276;44.99;33063;Bordeaux;-0.573;44.858;75.6556904027286
33181;Gardegan-et-Tourtirac;-0.017;44.894;33063;Bordeaux;-0.573;44.858;5.01792114695341
33182;Gauriac;-0.625;45.065;33063;Bordeaux;-0.573;44.858;39.3832680215153
33183;Gauriaguet;-0.396;45.045;33063;Bordeaux;-0.573;44.858;130.286312849162
33184;Générac;-0.546;45.174;33063;Bordeaux;-0.573;44.858;9.66464811472503
33185;Génissac;-0.249;44.861;33063;Bordeaux;-0.573;44.858;145
33187;Gironde-sur-Dropt;-0.088;44.591;33063;Bordeaux;-0.573;44.858;25
33189;Gornac;-0.184;44.663;33063;Bordeaux;-0.573;44.858;15
33191;Gours;0.026;44.998;33063;Bordeaux;-0.573;44.858;12.37940639055
33192;Gradignan;-0.617;44.771;33063;Bordeaux;-0.573;44.858;2023.96154115993
33193;Grayan-et-l'Hà´pital;-1.109;45.435;33063;Bordeaux;-0.573;44.858;19.2611795204151
33194;Grézillac;-0.219;44.817;33063;Bordeaux;-0.573;44.858;24.6982009281479
33195;Grignols;-0.026;44.411;33063;Bordeaux;-0.573;44.858;14.4604233100657
33196;Guillac;-0.211;44.804;33063;Bordeaux;-0.573;44.858;19.6319018404908
33197;Guillos;-0.519;44.552;33063;Bordeaux;-0.573;44.858;65
33198;Guà®tres;-0.187;45.043;33063;Bordeaux;-0.573;44.858;50.1176629721803
33199;Gujan-Mestras;-1.084;44.596;33063;Bordeaux;-0.573;44.858;585.451523018553
33200;Le Haillan;-0.684;44.869;33063;Bordeaux;-0.573;44.858;1373.27705571226
33201;Haux;-0.366;44.737;33063;Bordeaux;-0.573;44.858;54.8026315789474
33202;Hostens;-0.657;44.485;33063;Bordeaux;-0.573;44.858;82.1800278380492
33203;Hourtin;-1.065;45.181;33063;Bordeaux;-0.573;44.858;81.6906323578877
33204;Hure;-0.005;44.537;33063;Bordeaux;-0.573;44.858;9.73070017953324
33205;Illats;-0.38;44.607;33063;Bordeaux;-0.573;44.858;95
33206;Isle-Saint-Georges;-0.475;44.727;33063;Bordeaux;-0.573;44.858;25
33207;Izon;-0.355;44.922;33063;Bordeaux;-0.573;44.858;648.019802995547
33208;Jau-Dignac-et-Loirac;-0.963;45.415;33063;Bordeaux;-0.573;44.858;9.8150372196417
33209;Jugazan;-0.15;44.779;33063;Bordeaux;-0.573;44.858;10.2909090909091
33211;Labarde;-0.64;45.014;33063;Bordeaux;-0.573;44.858;90.8577013209883
33213;La Brède;-0.537;44.68;33063;Bordeaux;-0.573;44.858;424.682160160567
33214;Lacanau;-1.108;44.984;33063;Bordeaux;-0.573;44.858;155.654123190126
33216;Lados;-0.137;44.469;33063;Bordeaux;-0.573;44.858;4.85795454545455
33218;Lagorce;-0.161;45.079;33063;Bordeaux;-0.573;44.858;24.988113771927
33219;La Lande-de-Fronsac;-0.38;44.984;33063;Bordeaux;-0.573;44.858;265
33220;Lamarque;-0.716;45.093;33063;Bordeaux;-0.573;44.858;65
33221;Lamothe-Landerron;0.061;44.565;33063;Bordeaux;-0.573;44.858;20.3629537269234
33222;Lalande-de-Pomerol;-0.207;44.957;33063;Bordeaux;-0.573;44.858;4.87255348599591
33223;Landerrouat;0.161;44.743;33063;Bordeaux;-0.573;44.858;5
33225;Landiras;-0.443;44.567;33063;Bordeaux;-0.573;44.858;109.462816560276
33226;Langoiran;-0.374;44.708;33063;Bordeaux;-0.573;44.858;139.484202338144
33227;Langon;-0.241;44.537;33063;Bordeaux;-0.573;44.858;263.307718538361
33228;Lansac;-0.535;45.064;33063;Bordeaux;-0.573;44.858;35.975073313783
33229;Lanton;-0.978;44.775;33063;Bordeaux;-0.573;44.858;220
33230;Lapouyade;-0.286;45.111;33063;Bordeaux;-0.573;44.858;20.8564890277933
33231;Laroque;-0.307;44.66;33063;Bordeaux;-0.573;44.858;29.5876288659794
33233;Laruscade;-0.344;45.124;33063;Bordeaux;-0.573;44.858;147.223472081265
33234;Latresne;-0.5;44.79;33063;Bordeaux;-0.573;44.858;462.950564219948
33235;Lavazan;-0.116;44.391;33063;Bordeaux;-0.573;44.858;15.1982378854626
33236;Lège-Cap-Ferret;-1.193;44.76;33063;Bordeaux;-0.573;44.858;246.00441615335
33237;Léogeats;-0.356;44.507;33063;Bordeaux;-0.573;44.858;50.7082755332586
33238;Léognan;-0.615;44.719;33063;Bordeaux;-0.573;44.858;740
33239;Lerm-et-Musset;-0.151;44.34;33063;Bordeaux;-0.573;44.858;14.9769770956513
33240;Lesparre-Médoc;-0.935;45.282;33063;Bordeaux;-0.573;44.858;75.2801278891785
33241;Lestiac-sur-Garonne;-0.378;44.692;33063;Bordeaux;-0.573;44.858;10.1630891485168
33243;Libourne;-0.235;44.913;33063;Bordeaux;-0.573;44.858;867.476589686416
33244;Lignan-de-Bazas;-0.277;44.432;33063;Bordeaux;-0.573;44.858;10.6270645799408
33245;Lignan-de-Bordeaux;-0.429;44.795;33063;Bordeaux;-0.573;44.858;100
33248;Listrac-Médoc;-0.829;45.069;33063;Bordeaux;-0.573;44.858;152.355381832035
33249;Lormont;-0.52;44.876;33063;Bordeaux;-0.573;44.858;2659.8025715961
33250;Loubens;-0.023;44.627;33063;Bordeaux;-0.573;44.858;5.395091935809
33251;Louchats;-0.571;44.513;33063;Bordeaux;-0.573;44.858;30.8829955846554
33252;Loupes;-0.391;44.81;33063;Bordeaux;-0.573;44.858;75
33253;Loupiac;-0.287;44.628;33063;Bordeaux;-0.573;44.858;30.0269270204703
33254;Loupiac-de-la-Réole;-0.044;44.541;33063;Bordeaux;-0.573;44.858;20
33256;Ludon-Médoc;-0.59;44.98;33063;Bordeaux;-0.573;44.858;686.090453579077
33257;Lugaignac;-0.194;44.813;33063;Bordeaux;-0.573;44.858;26.0442786491225
33258;Lugasson;-0.154;44.756;33063;Bordeaux;-0.573;44.858;30
33259;Lugon-et-l'àŽle-du-Carnay;-0.355;44.952;33063;Bordeaux;-0.573;44.858;70
33260;Lugos;-0.914;44.469;33063;Bordeaux;-0.573;44.858;42.1143122817746
33261;Lussac;-0.093;44.966;33063;Bordeaux;-0.573;44.858;28.8713381749926
33262;Macau;-0.614;45.003;33063;Bordeaux;-0.573;44.858;600
33263;Madirac;-0.397;44.757;33063;Bordeaux;-0.573;44.858;42.542662116041
33264;Maransin;-0.253;45.073;33063;Bordeaux;-0.573;44.858;27.4761192128473
33266;Marcenais;-0.344;45.059;33063;Bordeaux;-0.573;44.858;65
33268;Margaux-Cantenac;-0.675;45.033;33063;Bordeaux;-0.573;44.858;322.745409604462
33269;Margueron;0.256;44.766;33063;Bordeaux;-0.573;44.858;5.41621697565858
33270;Marimbault;-0.258;44.41;33063;Bordeaux;-0.573;44.858;9.83870967741935
33271;Marions;-0.089;44.374;33063;Bordeaux;-0.573;44.858;5.24038461538461
33272;Marsas;-0.376;45.062;33063;Bordeaux;-0.573;44.858;80.0432567566387
33273;Martignas-sur-Jalle;-0.796;44.845;33063;Bordeaux;-0.573;44.858;455.329408814671
33274;Martillac;-0.557;44.715;33063;Bordeaux;-0.573;44.858;356.790758017127
33277;Massugas;0.101;44.769;33063;Bordeaux;-0.573;44.858;9.86944061067986
33278;Mauriac;-0.024;44.747;33063;Bordeaux;-0.573;44.858;5.08620689655172
33279;Mazères;-0.25;44.504;33063;Bordeaux;-0.573;44.858;30.418960348504
33280;Mazion;-0.605;45.169;33063;Bordeaux;-0.573;44.858;5.12004925812104
33281;Mérignac;-0.682;44.832;33063;Bordeaux;-0.573;44.858;9973.44574846885
33283;Mesterrieux;-0.011;44.644;33063;Bordeaux;-0.573;44.858;5.25114155251142
33284;Mios;-0.896;44.618;33063;Bordeaux;-0.573;44.858;611.378284789852
33285;Mombrier;-0.546;45.078;33063;Bordeaux;-0.573;44.858;15.9917446896257
33287;Mongauzy;0.026;44.572;33063;Bordeaux;-0.573;44.858;10.0985285099796
33288;Monprimblanc;-0.255;44.631;33063;Bordeaux;-0.573;44.858;10.2135231316726
33289;Monségur;0.089;44.646;33063;Bordeaux;-0.573;44.858;10.1237659965908
33290;Montagne;-0.127;44.932;33063;Bordeaux;-0.573;44.858;20.0179773580146
33293;Montussan;-0.429;44.883;33063;Bordeaux;-0.573;44.858;435
33294;Morizès;-0.098;44.614;33063;Bordeaux;-0.573;44.858;5.0229219744913
33295;Mouillac;-0.349;45.006;33063;Bordeaux;-0.573;44.858;9.88505747126437
33296;Mouliets-et-Villemartin;-0.022;44.833;33063;Bordeaux;-0.573;44.858;20
33297;Moulis-en-Médoc;-0.786;45.053;33063;Bordeaux;-0.573;44.858;150
33298;Moulon;-0.221;44.858;33063;Bordeaux;-0.573;44.858;80
33299;Mourens;-0.211;44.645;33063;Bordeaux;-0.573;44.858;10.0216827541779
33300;Naujac-sur-Mer;-1.056;45.261;33063;Bordeaux;-0.573;44.858;15.0416666666667
33301;Naujan-et-Postiac;-0.184;44.788;33063;Bordeaux;-0.573;44.858;10.4907257567009
33302;Néac;-0.177;44.944;33063;Bordeaux;-0.573;44.858;30
33303;Nérigean;-0.285;44.843;33063;Bordeaux;-0.573;44.858;79.9049128367671
33305;Le Nizan;-0.281;44.47;33063;Bordeaux;-0.573;44.858;5.05964214711724
33306;Noaillac;-0.024;44.517;33063;Bordeaux;-0.573;44.858;15
33307;Noaillan;-0.36;44.48;33063;Bordeaux;-0.573;44.858;79.8854232584101
33308;Omet;-0.287;44.655;33063;Bordeaux;-0.573;44.858;10.2426092305596
33309;Ordonnac;-0.843;45.307;33063;Bordeaux;-0.573;44.858;10.0813008130081
33310;Origne;-0.51;44.504;33063;Bordeaux;-0.573;44.858;5.05494505494505
33311;Paillet;-0.361;44.685;33063;Bordeaux;-0.573;44.858;109.297589700023
33312;Parempuyre;-0.581;44.954;33063;Bordeaux;-0.573;44.858;1350.90770304784
33314;Pauillac;-0.767;45.198;33063;Bordeaux;-0.573;44.858;108.103184273553
33315;Les Peintures;-0.087;45.065;33063;Bordeaux;-0.573;44.858;35.7222199231696
33316;Pellegrue;0.095;44.738;33063;Bordeaux;-0.573;44.858;5.35991140642297
33317;Périssac;-0.316;45.024;33063;Bordeaux;-0.573;44.858;64.6893062140393
33318;Pessac;-0.676;44.792;33063;Bordeaux;-0.573;44.858;6346.47813929437
33319;Pessac-sur-Dordogne;0.094;44.818;33063;Bordeaux;-0.573;44.858;5.05072978406117
33320;Petit-Palais-et-Cornemps;-0.056;44.981;33063;Bordeaux;-0.573;44.858;5.0109454960709
33321;Peujard;-0.431;45.049;33063;Bordeaux;-0.573;44.858;225
33322;Le Pian-Médoc;-0.671;44.956;33063;Bordeaux;-0.573;44.858;751.671095273819
33323;Le Pian-sur-Garonne;-0.217;44.582;33063;Bordeaux;-0.573;44.858;43.563829787234
33324;Pineuilh;0.234;44.824;33063;Bordeaux;-0.573;44.858;19.9913903529556
33325;Plassac;-0.637;45.101;33063;Bordeaux;-0.573;44.858;20
33327;Podensac;-0.359;44.646;33063;Bordeaux;-0.573;44.858;145
33328;Pomerol;-0.205;44.932;33063;Bordeaux;-0.573;44.858;9.81179965705465
33329;Pompéjac;-0.299;44.4;33063;Bordeaux;-0.573;44.858;9.85239852398524
33330;Pompignac;-0.432;44.854;33063;Bordeaux;-0.573;44.858;382.592988006801
33331;Pondaurat;-0.08;44.532;33063;Bordeaux;-0.573;44.858;10.0755175507893
33332;Porchères;0.001;45.037;33063;Bordeaux;-0.573;44.858;9.99648762687701
33333;Le Porge;-1.141;44.867;33063;Bordeaux;-0.573;44.858;134.268638092621
33334;Portets;-0.426;44.681;33063;Bordeaux;-0.573;44.858;210.286877146747
33335;Le Pout;-0.358;44.805;33063;Bordeaux;-0.573;44.858;67.1312313561421
33336;Préchac;-0.367;44.387;33063;Bordeaux;-0.573;44.858;5.04047448855736
33337;Preignac;-0.309;44.57;33063;Bordeaux;-0.573;44.858;80.514880892986
33339;Prignac-et-Marcamps;-0.496;45.025;33063;Bordeaux;-0.573;44.858;93.0401473485639
33341;Pugnac;-0.499;45.083;33063;Bordeaux;-0.573;44.858;137.425128686976
33342;Puisseguin;-0.063;44.932;33063;Bordeaux;-0.573;44.858;40
33343;Pujols-sur-Ciron;-0.353;44.571;33063;Bordeaux;-0.573;44.858;76.7630057803468
33344;Pujols;-0.033;44.807;33063;Bordeaux;-0.573;44.858;14.8584114629792
33346;Puybarban;-0.069;44.548;33063;Bordeaux;-0.573;44.858;20.3495245948873
33348;Queyrac;-1.001;45.361;33063;Bordeaux;-0.573;44.858;25.1286764705882
33349;Quinsac;-0.49;44.752;33063;Bordeaux;-0.573;44.858;339.578503007383
33350;Rauzan;-0.131;44.783;33063;Bordeaux;-0.573;44.858;25.0497478568239
33351;Reignac;-0.516;45.229;33063;Bordeaux;-0.573;44.858;29.7954122752635
33352;La Réole;-0.042;44.586;33063;Bordeaux;-0.573;44.858;69.939669567286
33355;Rions;-0.336;44.668;33063;Bordeaux;-0.573;44.858;101.068629023095
33356;La Rivière;-0.316;44.938;33063;Bordeaux;-0.573;44.858;20.7766955921125
33357;Roaillan;-0.285;44.506;33063;Bordeaux;-0.573;44.858;56.6204395658687
33358;Romagne;-0.204;44.765;33063;Bordeaux;-0.573;44.858;34.7027600849257
33361;Ruch;-0.034;44.774;33063;Bordeaux;-0.573;44.858;14.862213865652
33362;Sablons;-0.182;45.024;33063;Bordeaux;-0.573;44.858;40
33363;Sadirac;-0.39;44.783;33063;Bordeaux;-0.573;44.858;534.900562040641
33364;Saillans;-0.271;44.957;33063;Bordeaux;-0.573;44.858;15.3590425531915
33366;Saint-André-de-Cubzac;-0.436;44.995;33063;Bordeaux;-0.573;44.858;1170.82544031906
33367;Saint-André-du-Bois;-0.187;44.608;33063;Bordeaux;-0.573;44.858;15.0348027842227
33370;Saint-Androny;-0.671;45.197;33063;Bordeaux;-0.573;44.858;14.3002622247708
33373;Saint-Antoine-sur-l'Isle;0.046;45.047;33063;Bordeaux;-0.573;44.858;10.0172117039586
33374;Saint-Aubin-de-Blaye;-0.574;45.259;33063;Bordeaux;-0.573;44.858;10.6812408148883
33375;Saint-Aubin-de-Branne;-0.168;44.811;33063;Bordeaux;-0.573;44.858;39.1489361702128
33376;Saint-Aubin-de-Médoc;-0.748;44.933;33063;Bordeaux;-0.573;44.858;598.587573254252
33379;Saint-Brice;-0.141;44.694;33063;Bordeaux;-0.573;44.858;5.01216258631514
33380;Val-de-Livenne;-0.508;45.276;33063;Bordeaux;-0.573;44.858;46.2983626110618
33381;Saint-Caprais-de-Bordeaux;-0.428;44.754;33063;Bordeaux;-0.573;44.858;355.953207025291
33382;Saint-Christoly-de-Blaye;-0.496;45.144;33063;Bordeaux;-0.573;44.858;61.1075814638943
33385;Saint-Christophe-de-Double;0.023;45.084;33063;Bordeaux;-0.573;44.858;10.6178861788618
33387;Saint-Ciers-d'Abzac;-0.289;45.035;33063;Bordeaux;-0.573;44.858;55
33388;Saint-Ciers-de-Canesse;-0.603;45.087;33063;Bordeaux;-0.573;44.858;46.3043478260869
33389;Saint-Ciers-sur-Gironde;-0.649;45.298;33063;Bordeaux;-0.573;44.858;20.0837103429174
33390;Sainte-Colombe;-0.063;44.879;33063;Bordeaux;-0.573;44.858;9.97635933806147
33391;Saint-Cà´me;-0.174;44.424;33063;Bordeaux;-0.573;44.858;4.85499775520565
33392;Sainte-Croix-du-Mont;-0.272;44.598;33063;Bordeaux;-0.573;44.858;66.3829195534783
33393;Saint-Denis-de-Pile;-0.184;44.988;33063;Bordeaux;-0.573;44.858;151.145151300763
33394;Saint-amilion;-0.17;44.9;33063;Bordeaux;-0.573;44.858;49.4116385347204
33395;Saint-Estèphe;-0.78;45.251;33063;Bordeaux;-0.573;44.858;5.15708335935547
33397;Sainte-Eulalie;-0.479;44.902;33063;Bordeaux;-0.573;44.858;597.626791917918
33398;Saint-Exupéry;-0.101;44.634;33063;Bordeaux;-0.573;44.858;9.94082840236686
33400;Saint-Ferme;0.062;44.695;33063;Bordeaux;-0.573;44.858;15
33401;Sainte-Florence;-0.092;44.817;33063;Bordeaux;-0.573;44.858;4.93333333333333
33402;Sainte-Foy-la-Grande;0.218;44.841;33063;Bordeaux;-0.573;44.858;10.6945597166169
33404;Sainte-Gemme;0.073;44.619;33063;Bordeaux;-0.573;44.858;4.94791666666667
33406;Saint-Genès-de-Castillon;-0.064;44.9;33063;Bordeaux;-0.573;44.858;5.09383378016086
33407;Saint-Genès-de-Fronsac;-0.346;45.027;33063;Bordeaux;-0.573;44.858;48.1439820022497
33408;Saint-Genès-de-Lombaud;-0.379;44.754;33063;Bordeaux;-0.573;44.858;30
33409;Saint-Genis-du-Bois;-0.183;44.7;33063;Bordeaux;-0.573;44.858;10
33411;Saint-Germain-de-Grave;-0.218;44.624;33063;Bordeaux;-0.573;44.858;5.13157894736842
33412;Saint-Germain-d'Esteuil;-0.895;45.255;33063;Bordeaux;-0.573;44.858;31.2067723099534
33413;Saint-Germain-du-Puch;-0.334;44.852;33063;Bordeaux;-0.573;44.858;194.728256039354
33414;Saint-Germain-de-la-Rivière;-0.331;44.944;33063;Bordeaux;-0.573;44.858;15.0150808471029
33415;Saint-Gervais;-0.467;45.017;33063;Bordeaux;-0.573;44.858;173.72329338197
33416;Saint-Girons-d'Aiguevives;-0.538;45.146;33063;Bordeaux;-0.573;44.858;53.2200580240733
33417;Sainte-Hélène;-0.914;44.973;33063;Bordeaux;-0.573;44.858;261.146926460707
33418;Saint-Hilaire-de-la-Noaille;0.006;44.603;33063;Bordeaux;-0.573;44.858;5.09228281701546
33420;Saint-Hippolyte;-0.122;44.874;33063;Bordeaux;-0.573;44.858;4.9618320610687
33421;Saint-Jean-de-Blaignac;-0.131;44.81;33063;Bordeaux;-0.573;44.858;10.4893981163528
33422;Saint-Jean-d'Illac;-0.819;44.794;33063;Bordeaux;-0.573;44.858;705
33423;Saint-Julien-Beychevelle;-0.75;45.155;33063;Bordeaux;-0.573;44.858;5
33424;Saint-Laurent-Médoc;-0.862;45.14;33063;Bordeaux;-0.573;44.858;100
33425;Saint-Laurent-d'Arce;-0.466;45.043;33063;Bordeaux;-0.573;44.858;138.350288013183
33426;Saint-Laurent-des-Combes;-0.138;44.874;33063;Bordeaux;-0.573;44.858;9.80798455661522
33427;Saint-Laurent-du-Bois;-0.138;44.641;33063;Bordeaux;-0.573;44.858;9.99560273038647
33429;Saint-Léger-de-Balson;-0.441;44.429;33063;Bordeaux;-0.573;44.858;15
33431;Saint-Léon;-0.276;44.766;33063;Bordeaux;-0.573;44.858;25.073497242904
33432;Saint-Loubert;-0.169;44.554;33063;Bordeaux;-0.573;44.858;15.5263157894737
33433;Saint-Loubès;-0.431;44.922;33063;Bordeaux;-0.573;44.858;851.401838373938
33434;Saint-Louis-de-Montferrand;-0.533;44.958;33063;Bordeaux;-0.573;44.858;286.62744944558
33435;Saint-Macaire;-0.233;44.564;33063;Bordeaux;-0.573;44.858;64.9340850857115
33436;Saint-Magne;-0.658;44.555;33063;Bordeaux;-0.573;44.858;76.1314715718512
33437;Saint-Magne-de-Castillon;-0.074;44.857;33063;Bordeaux;-0.573;44.858;40.4143181289827
33438;Saint-Maixant;-0.246;44.577;33063;Bordeaux;-0.573;44.858;71.6575882817588
33439;Saint-Mariens;-0.405;45.121;33063;Bordeaux;-0.573;44.858;146.170622322228
33441;Saint-Martin-Lacaussade;-0.643;45.143;33063;Bordeaux;-0.573;44.858;20.0692157318868
33442;Saint-Martin-de-Laye;-0.233;45.033;33063;Bordeaux;-0.573;44.858;15.2952828253972
33443;Saint-Martin-de-Lerm;-0.045;44.648;33063;Bordeaux;-0.573;44.858;20
33444;Saint-Martin-de-Sescas;-0.165;44.587;33063;Bordeaux;-0.573;44.858;15.1180156397783
33445;Saint-Martin-du-Bois;-0.26;45.02;33063;Bordeaux;-0.573;44.858;40.4311377245509
33447;Saint-Médard-de-Guizières;-0.07;45.01;33063;Bordeaux;-0.573;44.858;55
33448;Saint-Médard-d'Eyrans;-0.509;44.711;33063;Bordeaux;-0.573;44.858;300.752636109318
33449;Saint-Médard-en-Jalles;-0.784;44.883;33063;Bordeaux;-0.573;44.858;2649.31489302452
33451;Saint-Michel-de-Fronsac;-0.303;44.925;33063;Bordeaux;-0.573;44.858;40.3734635214429
33452;Saint-Michel-de-Rieufret;-0.441;44.624;33063;Bordeaux;-0.573;44.858;36.1128475400761
33454;Saint-Morillon;-0.519;44.642;33063;Bordeaux;-0.573;44.858;145.954221073029
33456;Saint-Palais;-0.599;45.309;33063;Bordeaux;-0.573;44.858;15.0808645314359
33457;Saint-Pardon-de-Conques;-0.188;44.551;33063;Bordeaux;-0.573;44.858;9.83606557377049
33458;Saint-Paul;-0.591;45.15;33063;Bordeaux;-0.573;44.858;55
33459;Saint-Pey-d'Armens;-0.117;44.855;33063;Bordeaux;-0.573;44.858;9.8421052631579
33460;Saint-Pey-de-Castets;-0.064;44.816;33063;Bordeaux;-0.573;44.858;20.1889496717724
33461;Saint-Philippe-d'Aiguille;-0.038;44.916;33063;Bordeaux;-0.573;44.858;15
33463;Saint-Pierre-d'Aurillac;-0.193;44.579;33063;Bordeaux;-0.573;44.858;50.0259600537886
33464;Saint-Pierre-de-Bat;-0.22;44.67;33063;Bordeaux;-0.573;44.858;15
33465;Saint-Pierre-de-Mons;-0.213;44.545;33063;Bordeaux;-0.573;44.858;15
33466;Saint-Quentin-de-Baron;-0.283;44.818;33063;Bordeaux;-0.573;44.858;200.22709923664
33467;Saint-Quentin-de-Caplong;0.137;44.795;33063;Bordeaux;-0.573;44.858;5.41265333717489
33468;Sainte-Radegonde;0.024;44.803;33063;Bordeaux;-0.573;44.858;10
33470;Saint-Romain-la-Virvée;-0.408;44.96;33063;Bordeaux;-0.573;44.858;69.5735056947216
33471;Saint-Sauveur;-0.818;45.195;33063;Bordeaux;-0.573;44.858;25.2964426877473
33472;Saint-Sauveur-de-Puynormand;-0.033;44.995;33063;Bordeaux;-0.573;44.858;9.83606557377049
33473;Saint-Savin;-0.441;45.164;33063;Bordeaux;-0.573;44.858;130.970090243444
33474;Saint-Selve;-0.472;44.654;33063;Bordeaux;-0.573;44.858;352.730646716363
33475;Saint-Seurin-de-Bourg;-0.582;45.052;33063;Bordeaux;-0.573;44.858;30
33476;Saint-Seurin-de-Cadourne;-0.801;45.291;33063;Bordeaux;-0.573;44.858;9.899741254494
33477;Saint-Seurin-de-Cursac;-0.628;45.157;33063;Bordeaux;-0.573;44.858;4.99682826142274
33478;Saint-Seurin-sur-l'Isle;-0.001;45.011;33063;Bordeaux;-0.573;44.858;45.1221670597718
33479;Saint-Sève;-0.024;44.607;33063;Bordeaux;-0.573;44.858;9.8768391367716
33480;Saint-Sulpice-de-Faleyrens;-0.188;44.861;33063;Bordeaux;-0.573;44.858;28.8381039050554
33481;Saint-Sulpice-de-Guilleragues;0.047;44.63;33063;Bordeaux;-0.573;44.858;5
33482;Saint-Sulpice-de-Pommiers;-0.113;44.676;33063;Bordeaux;-0.573;44.858;14.3129770992366
33483;Saint-Sulpice-et-Cameyrac;-0.386;44.901;33063;Bordeaux;-0.573;44.858;430.994978956159
33484;Saint-Symphorien;-0.539;44.423;33063;Bordeaux;-0.573;44.858;40
33485;Sainte-Terre;-0.121;44.834;33063;Bordeaux;-0.573;44.858;35.5320370514825
33486;Saint-Trojan;-0.581;45.09;33063;Bordeaux;-0.573;44.858;10.3478443819838
33487;Saint-Vincent-de-Paul;-0.482;44.974;33063;Bordeaux;-0.573;44.858;126.401920217233
33488;Saint-Vincent-de-Pertignas;-0.112;44.799;33063;Bordeaux;-0.573;44.858;10.4425604279493
33489;Saint-Vivien-de-Blaye;-0.508;45.104;33063;Bordeaux;-0.573;44.858;34.7521854777439
33490;Saint-Vivien-de-Médoc;-1.026;45.445;33063;Bordeaux;-0.573;44.858;19.8702312933884
33492;Saint-Yzan-de-Soudiac;-0.406;45.152;33063;Bordeaux;-0.573;44.858;189.679185561037
33494;Salaunes;-0.846;44.928;33063;Bordeaux;-0.573;44.858;67.0106794750927
33496;SallebÅ“uf;-0.393;44.844;33063;Bordeaux;-0.573;44.858;350
33498;Salles;-0.884;44.541;33063;Bordeaux;-0.573;44.858;283.129398402322
33499;Les Salles-de-Castillon;0.006;44.914;33063;Bordeaux;-0.573;44.858;5
33500;Samonac;-0.571;45.071;33063;Bordeaux;-0.573;44.858;10.2424686467588
33501;Saucats;-0.631;44.651;33063;Bordeaux;-0.573;44.858;232.842245496604
33502;Saugon;-0.502;45.185;33063;Bordeaux;-0.573;44.858;35
33503;Saumos;-1.005;44.913;33063;Bordeaux;-0.573;44.858;30.1697417111405
33504;Sauternes;-0.341;44.531;33063;Bordeaux;-0.573;44.858;35.7162104833964
33505;La Sauve;-0.312;44.763;33063;Bordeaux;-0.573;44.858;108.076130514962
33506;Sauveterre-de-Guyenne;-0.077;44.701;33063;Bordeaux;-0.573;44.858;20
33508;Savignac;-0.109;44.515;33063;Bordeaux;-0.573;44.858;25
33509;Savignac-de-l'Isle;-0.24;44.987;33063;Bordeaux;-0.573;44.858;14.489336618148
33510;Semens;-0.233;44.614;33063;Bordeaux;-0.573;44.858;5.09345794392523
33511;Sendets;-0.094;44.427;33063;Bordeaux;-0.573;44.858;10.3211728812882
33512;Sigalens;-0.033;44.455;33063;Bordeaux;-0.573;44.858;20.5099150141643
33514;Soulac-sur-Mer;-1.108;45.493;33063;Bordeaux;-0.573;44.858;34.6654837345868
33515;Soulignac;-0.289;44.696;33063;Bordeaux;-0.573;44.858;25.4339812094985
33516;Soussac;0.011;44.735;33063;Bordeaux;-0.573;44.858;10.6487787630853
33517;Soussans;-0.7;45.056;33063;Bordeaux;-0.573;44.858;102.123883796987
33518;Tabanac;-0.411;44.724;33063;Bordeaux;-0.573;44.858;100
33519;Le Taillan-Médoc;-0.682;44.911;33063;Bordeaux;-0.573;44.858;960
33521;Talais;-1.063;45.476;33063;Bordeaux;-0.573;44.858;10.4675637721525
33522;Talence;-0.591;44.806;33063;Bordeaux;-0.573;44.858;5576.22787749653
33523;Targon;-0.268;44.735;33063;Bordeaux;-0.573;44.858;75.4673085698963
33524;Tarnès;-0.356;44.976;33063;Bordeaux;-0.573;44.858;61.2752343076154
33525;Tauriac;-0.506;45.053;33063;Bordeaux;-0.573;44.858;86.5236321442877
33526;Tayac;-0.023;44.961;33063;Bordeaux;-0.573;44.858;10.1526717557252
33527;Le Teich;-1.024;44.578;33063;Bordeaux;-0.573;44.858;323.71008581752
33528;Le Temple;-0.959;44.864;33063;Bordeaux;-0.573;44.858;39.4392523364485
33529;La Teste-de-Buch;-1.175;44.558;33063;Bordeaux;-0.573;44.858;501.678633276842
33530;Teuillac;-0.547;45.097;33063;Bordeaux;-0.573;44.858;29.7745493759057
33531;Tizac-de-Curton;-0.243;44.825;33063;Bordeaux;-0.573;44.858;5.51578207783536
33532;Tizac-de-Lapouyade;-0.314;45.07;33063;Bordeaux;-0.573;44.858;15.0238186124319
33533;Toulenne;-0.275;44.564;33063;Bordeaux;-0.573;44.858;75.5735881657981
33534;Le Tourne;-0.397;44.718;33063;Bordeaux;-0.573;44.858;59.5528442138901
33535;Tresses;-0.47;44.842;33063;Bordeaux;-0.573;44.858;696.710840020316
33536;Le Tuzan;-0.6;44.45;33063;Bordeaux;-0.573;44.858;15
33537;Uzeste;-0.325;44.433;33063;Bordeaux;-0.573;44.858;5.04081819553294
33539;Vayres;-0.326;44.891;33063;Bordeaux;-0.573;44.858;371.173442819948
33540;Vendays-Montalivet;-1.1;45.34;33063;Bordeaux;-0.573;44.858;54.501762661248
33542;Vérac;-0.337;44.994;33063;Bordeaux;-0.573;44.858;40.9866692089416
33543;Verdelais;-0.248;44.592;33063;Bordeaux;-0.573;44.858;25
33545;Vertheuil;-0.845;45.254;33063;Bordeaux;-0.573;44.858;5
33546;Vignonet;-0.149;44.85;33063;Bordeaux;-0.573;44.858;25
33547;Villandraut;-0.381;44.45;33063;Bordeaux;-0.573;44.858;25
33548;Villegouge;-0.313;44.973;33063;Bordeaux;-0.573;44.858;95
33549;Villenave-de-Rions;-0.34;44.69;33063;Bordeaux;-0.573;44.858;14.3801652892562
33550;Villenave-d'Ornon;-0.558;44.773;33063;Bordeaux;-0.573;44.858;4178.35664815187
33551;Villeneuve;-0.634;45.083;33063;Bordeaux;-0.573;44.858;20.1537148029031
33552;Virelade;-0.396;44.652;33063;Bordeaux;-0.573;44.858;115
33553;Virsac;-0.436;45.026;33063;Bordeaux;-0.573;44.858;85.8097057383483
33554;Yvrac;-0.466;44.88;33063;Bordeaux;-0.573;44.858;330.068749639577
33555;Marcheprime;-0.857;44.703;33063;Bordeaux;-0.573;44.858;321.457939878061
